{
  "FlipHistory": [
    "Heads",
    "Heads",
    "Tails",
    "Tails",
    "Tails",
    "Tails",
    "Tails",
    "Tails",
    "Tails",
    "Tails",
    "Heads",
    "Heads",
    "Heads",
    "Heads",
    "Heads",
    "Heads",
    "Heads",
    "Heads"
  ],
  "PatternCounts": {
    "HeadsHeads": 8,
    "HeadsTails": 1,
    "TailsTails": 7,
    "TailsHeads": 1
  },
  "PatternProbabilities": {
    "HeadsHeads": 47.05882352941176,
    "HeadsTails": 5.88235294117647,
    "TailsTails": 41.17647058823529,
    "TailsHeads": 5.88235294117647
  },
  "StreakProbabilities": {
    "Heads": {
      "1": 50.0,
      "2": 8.118414146831206,
      "3": 50.0,
      "4": 50.0,
      "5": 50.0,
      "6": 50.0,
      "7": 50.0,
      "8": 50.0,
      "9": 50.0,
      "10": 50.0
    },
    "Tails": {
      "1": 50.0,
      "2": 50.0,
      "3": 50.0,
      "4": 50.0,
      "5": 50.0,
      "6": 50.0,
      "7": 50.0,
      "8": 8.810190266831205,
      "9": 50.0,
      "10": 50.0
    }
  },
  "BaseHeadsProbability": 55.55555555555556,
  "BaseTailsProbability": 44.44444444444444,
  "TotalFlips": 18
}