{
  "FlipHistory": [
    "Heads",
    "Heads",
    "Tails",
    "Tails",
    "Tails",
    "Tails",
    "Tails",
    "Tails",
    "Tails",
    "Tails",
    "Heads",
    "Heads",
    "Heads",
    "Heads",
    "Heads",
    "Heads",
    "Heads",
    "Heads",
    "Tails",
    "Tails",
    "Tails",
    "Tails",
    "Heads",
    "Heads",
    "Heads",
    "Heads",
    "Tails",
    "Tails",
    "Heads",
    "Heads",
    "Tails",
    "Tails",
    "Tails",
    "Tails",
    "Heads",
    "Heads",
    "Heads",
    "Tails",
    "Tails",
    "Tails",
    "Tails",
    "Heads"
  ],
  "PatternCounts": {
    "HeadsHeads": 14,
    "HeadsTails": 5,
    "TailsTails": 17,
    "TailsHeads": 5
  },
  "PatternProbabilities": {
    "HeadsHeads": 34.146341463414636,
    "HeadsTails": 12.195121951219512,
    "TailsTails": 41.46341463414634,
    "TailsHeads": 12.195121951219512
  },
  "StreakProbabilities": {
    "Heads": {
      "1": 50.0,
      "2": 5.021917025178633,
      "3": 10.450879621662033,
      "4": 2.6880219763553344,
      "5": 50.0,
      "6": 50.0,
      "7": 50.0,
      "8": 2.544489459863716,
      "9": 50.0,
      "10": 50.0
    },
    "Tails": {
      "1": 50.0,
      "2": 2.8484271158069228,
      "3": 50.0,
      "4": 5.638470463402786,
      "5": 50.0,
      "6": 50.0,
      "7": 50.0,
      "8": 2.536598265394704,
      "9": 50.0,
      "10": 50.0
    }
  },
  "BaseHeadsProbability": 47.61904761904761,
  "BaseTailsProbability": 52.38095238095239,
  "TotalFlips": 42
}