{
  "FlipHistory": [
    "Heads",
    "Heads",
    "Tails",
    "Tails",
    "Tails",
    "Tails",
    "Tails",
    "Tails",
    "Tails",
    "Tails",
    "Heads",
    "Heads",
    "Heads",
    "Heads",
    "Heads",
    "Heads",
    "Heads",
    "Heads",
    "Tails",
    "Tails",
    "Tails",
    "Tails",
    "Heads",
    "Heads"
  ],
  "PatternCounts": {
    "HeadsHeads": 9,
    "HeadsTails": 2,
    "TailsTails": 10,
    "TailsHeads": 2
  },
  "PatternProbabilities": {
    "HeadsHeads": 39.130434782608695,
    "HeadsTails": 8.695652173913043,
    "TailsTails": 43.47826086956522,
    "TailsHeads": 8.695652173913043
  },
  "StreakProbabilities": {
    "Heads": {
      "1": 50.0,
      "2": 4.901872286613758,
      "3": 50.0,
      "4": 50.0,
      "5": 50.0,
      "6": 50.0,
      "7": 50.0,
      "8": 9.829198980653212,
      "9": 50.0,
      "10": 50.0
    },
    "Tails": {
      "1": 50.0,
      "2": 50.0,
      "3": 50.0,
      "4": 26.663043478260867,
      "5": 50.0,
      "6": 50.0,
      "7": 50.0,
      "8": 4.983259055355638,
      "9": 50.0,
      "10": 50.0
    }
  },
  "BaseHeadsProbability": 50.0,
  "BaseTailsProbability": 50.0,
  "TotalFlips": 24
}