{
  "FlipHistory": [
    "Heads",
    "Heads",
    "Tails",
    "Tails",
    "Tails",
    "Tails",
    "Tails",
    "Tails",
    "Tails",
    "Tails",
    "Heads",
    "Heads",
    "Heads",
    "Heads",
    "Heads",
    "Heads",
    "Heads",
    "Heads",
    "Tails",
    "Tails",
    "Tails",
    "Tails",
    "Heads",
    "Heads",
    "Heads",
    "Heads",
    "Tails",
    "Tails",
    "Heads",
    "Heads",
    "Tails",
    "Tails",
    "Tails",
    "Tails",
    "Heads",
    "Heads",
    "Heads",
    "Tails",
    "Tails",
    "Tails"
  ],
  "PatternCounts": {
    "HeadsHeads": 14,
    "HeadsTails": 5,
    "TailsTails": 16,
    "TailsHeads": 4
  },
  "PatternProbabilities": {
    "HeadsHeads": 35.8974358974359,
    "HeadsTails": 12.82051282051282,
    "TailsTails": 41.02564102564102,
    "TailsHeads": 10.256410256410255
  },
  "StreakProbabilities": {
    "Heads": {
      "1": 50.0,
      "2": 5.242766025928092,
      "3": 18.825303643724695,
      "4": 2.982737020649797,
      "5": 50.0,
      "6": 50.0,
      "7": 50.0,
      "8": 2.6898135176056788,
      "9": 50.0,
      "10": 50.0
    },
    "Tails": {
      "1": 50.0,
      "2": 3.3100944481020194,
      "3": 50.0,
      "4": 5.043312401312662,
      "5": 50.0,
      "6": 50.0,
      "7": 50.0,
      "8": 2.6737090390974916,
      "9": 50.0,
      "10": 50.0
    }
  },
  "BaseHeadsProbability": 47.5,
  "BaseTailsProbability": 52.5,
  "TotalFlips": 40
}