{
  "FlipHistory": [
    "Heads",
    "Heads",
    "Tails",
    "Tails",
    "Tails",
    "Tails",
    "Tails",
    "Tails",
    "Tails",
    "Tails",
    "Heads",
    "Heads",
    "Heads",
    "Heads",
    "Heads",
    "Heads",
    "Heads",
    "Heads",
    "Tails",
    "Tails",
    "Tails",
    "Tails",
    "Heads",
    "Heads",
    "Heads",
    "Heads",
    "Tails",
    "Tails",
    "Heads",
    "Heads",
    "Tails",
    "Tails",
    "Tails",
    "Tails",
    "Heads",
    "Heads",
    "Heads"
  ],
  "PatternCounts": {
    "HeadsHeads": 14,
    "HeadsTails": 4,
    "TailsTails": 14,
    "TailsHeads": 4
  },
  "PatternProbabilities": {
    "HeadsHeads": 38.88888888888889,
    "HeadsTails": 11.11111111111111,
    "TailsTails": 38.88888888888889,
    "TailsHeads": 11.11111111111111
  },
  "StreakProbabilities": {
    "Heads": {
      "1": 50.0,
      "2": 5.516497779821282,
      "3": 50.0,
      "4": 3.8117591163997124,
      "5": 50.0,
      "6": 50.0,
      "7": 50.0,
      "8": 2.9577547343468886,
      "9": 50.0,
      "10": 50.0
    },
    "Tails": {
      "1": 50.0,
      "2": 4.766153948621934,
      "3": 50.0,
      "4": 4.935000331962884,
      "5": 50.0,
      "6": 50.0,
      "7": 50.0,
      "8": 2.910802901961503,
      "9": 50.0,
      "10": 50.0
    }
  },
  "BaseHeadsProbability": 51.35135135135135,
  "BaseTailsProbability": 48.64864864864865,
  "TotalFlips": 37
}