{
  "FlipHistory": [
    "Heads",
    "Heads",
    "Tails",
    "Tails",
    "Tails",
    "Tails",
    "Tails",
    "Tails",
    "Tails",
    "Tails",
    "Heads",
    "Heads",
    "Heads",
    "Heads",
    "Heads",
    "Heads",
    "Heads",
    "Heads",
    "Tails",
    "Tails",
    "Tails",
    "Tails",
    "Heads"
  ],
  "PatternCounts": {
    "HeadsHeads": 8,
    "HeadsTails": 2,
    "TailsTails": 10,
    "TailsHeads": 2
  },
  "PatternProbabilities": {
    "HeadsHeads": 36.36363636363637,
    "HeadsTails": 9.090909090909092,
    "TailsTails": 45.45454545454545,
    "TailsHeads": 9.090909090909092
  },
  "StreakProbabilities": {
    "Heads": {
      "1": 50.0,
      "2": 5.216960409448226,
      "3": 50.0,
      "4": 50.0,
      "5": 50.0,
      "6": 50.0,
      "7": 50.0,
      "8": 12.255998543790303,
      "9": 50.0,
      "10": 50.0
    },
    "Tails": {
      "1": 50.0,
      "2": 50.0,
      "3": 50.0,
      "4": 36.30434782608695,
      "5": 50.0,
      "6": 50.0,
      "7": 50.0,
      "8": 5.3332272219366255,
      "9": 50.0,
      "10": 50.0
    }
  },
  "BaseHeadsProbability": 47.82608695652174,
  "BaseTailsProbability": 52.17391304347826,
  "TotalFlips": 23
}