{
  "FlipHistory": [
    "Heads",
    "Heads",
    "Tails",
    "Tails",
    "Tails",
    "Tails",
    "Tails",
    "Tails",
    "Tails",
    "Tails",
    "Heads",
    "Heads",
    "Heads",
    "Heads",
    "Heads",
    "Heads",
    "Heads",
    "Heads",
    "Tails",
    "Tails",
    "Tails",
    "Tails",
    "Heads",
    "Heads",
    "Heads",
    "Heads",
    "Tails",
    "Tails",
    "Heads",
    "Heads",
    "Tails",
    "Tails",
    "Tails",
    "Tails",
    "Heads",
    "Heads",
    "Heads",
    "Tails",
    "Tails"
  ],
  "PatternCounts": {
    "HeadsHeads": 14,
    "HeadsTails": 5,
    "TailsTails": 15,
    "TailsHeads": 4
  },
  "PatternProbabilities": {
    "HeadsHeads": 36.84210526315789,
    "HeadsTails": 13.157894736842104,
    "TailsTails": 39.473684210526315,
    "TailsHeads": 10.526315789473683
  },
  "StreakProbabilities": {
    "Heads": {
      "1": 50.0,
      "2": 5.346808608468703,
      "3": 25.821862348178136,
      "4": 3.189624315213996,
      "5": 50.0,
      "6": 50.0,
      "7": 50.0,
      "8": 2.7711621680081127,
      "9": 50.0,
      "10": 50.0
    },
    "Tails": {
      "1": 50.0,
      "2": 3.6572777830028853,
      "3": 50.0,
      "4": 5.061874859018088,
      "5": 50.0,
      "6": 50.0,
      "7": 50.0,
      "8": 2.748155770139274,
      "9": 50.0,
      "10": 50.0
    }
  },
  "BaseHeadsProbability": 48.717948717948715,
  "BaseTailsProbability": 51.28205128205128,
  "TotalFlips": 39
}