{
  "FlipHistory": [
    "Heads",
    "Heads",
    "Tails",
    "Tails",
    "Tails",
    "Tails",
    "Tails",
    "Tails",
    "Tails",
    "Tails",
    "Heads",
    "Heads",
    "Heads",
    "Heads",
    "Heads",
    "Heads",
    "Heads",
    "Heads",
    "Tails",
    "Tails",
    "Tails",
    "Tails",
    "Heads",
    "Heads",
    "Heads",
    "Heads",
    "Tails",
    "Tails",
    "Heads",
    "Heads",
    "Tails",
    "Tails",
    "Tails",
    "Tails",
    "Heads",
    "Heads",
    "Heads",
    "Tails",
    "Tails",
    "Tails",
    "Tails",
    "Heads",
    "Heads",
    "Tails",
    "Heads",
    "Tails"
  ],
  "PatternCounts": {
    "HeadsHeads": 15,
    "HeadsTails": 7,
    "TailsTails": 17,
    "TailsHeads": 6
  },
  "PatternProbabilities": {
    "HeadsHeads": 33.33333333333333,
    "HeadsTails": 15.555555555555555,
    "TailsTails": 37.77777777777778,
    "TailsHeads": 13.333333333333334
  },
  "StreakProbabilities": {
    "Heads": {
      "1": 35.65217391304348,
      "2": 6.043161395311341,
      "3": 4.201490011543503,
      "4": 2.337627890905365,
      "5": 50.0,
      "6": 50.0,
      "7": 50.0,
      "8": 2.3031657336957267,
      "9": 50.0,
      "10": 50.0
    },
    "Tails": {
      "1": 25.61884057971014,
      "2": 2.376141164887691,
      "3": 50.0,
      "4": 6.430498201410356,
      "5": 50.0,
      "6": 50.0,
      "7": 50.0,
      "8": 2.301271057903717,
      "9": 50.0,
      "10": 50.0
    }
  },
  "BaseHeadsProbability": 47.82608695652174,
  "BaseTailsProbability": 52.17391304347826,
  "TotalFlips": 46
}