{
  "FlipHistory": [
    "Heads",
    "Heads",
    "Tails",
    "Tails",
    "Tails",
    "Tails",
    "Tails",
    "Tails",
    "Tails",
    "Tails",
    "Heads",
    "Heads",
    "Heads",
    "Heads",
    "Heads",
    "Heads",
    "Heads",
    "Heads",
    "Tails",
    "Tails",
    "Tails",
    "Tails",
    "Heads",
    "Heads",
    "Heads",
    "Heads",
    "Tails",
    "Tails",
    "Heads",
    "Heads",
    "Tails",
    "Tails",
    "Tails",
    "Tails",
    "Heads",
    "Heads",
    "Heads",
    "Tails",
    "Tails",
    "Tails",
    "Tails",
    "Heads",
    "Heads",
    "Tails",
    "Heads",
    "Tails",
    "Heads",
    "Heads",
    "Tails"
  ],
  "PatternCounts": {
    "HeadsHeads": 16,
    "HeadsTails": 8,
    "TailsTails": 17,
    "TailsHeads": 7
  },
  "PatternProbabilities": {
    "HeadsHeads": 33.33333333333333,
    "HeadsTails": 16.666666666666664,
    "TailsTails": 35.41666666666667,
    "TailsHeads": 14.583333333333334
  },
  "StreakProbabilities": {
    "Heads": {
      "1": 13.591206507579903,
      "2": 6.77258182276895,
      "3": 2.8036219293654137,
      "4": 2.164317221986532,
      "5": 50.0,
      "6": 50.0,
      "7": 50.0,
      "8": 2.152496702063626,
      "9": 50.0,
      "10": 50.0
    },
    "Tails": {
      "1": 11.51228402965256,
      "2": 2.17752727496247,
      "3": 50.0,
      "4": 6.293193449301728,
      "5": 50.0,
      "6": 50.0,
      "7": 50.0,
      "8": 2.151846828266967,
      "9": 50.0,
      "10": 50.0
    }
  },
  "BaseHeadsProbability": 48.97959183673469,
  "BaseTailsProbability": 51.02040816326531,
  "TotalFlips": 49
}