{
  "FlipHistory": [
    "Heads",
    "Heads",
    "Tails",
    "Tails",
    "Tails",
    "Tails",
    "Tails",
    "Tails",
    "Tails",
    "Tails",
    "Heads",
    "Heads",
    "Heads",
    "Heads",
    "Heads",
    "Heads",
    "Heads",
    "Heads",
    "Tails",
    "Tails",
    "Tails",
    "Tails",
    "Heads",
    "Heads",
    "Heads",
    "Heads",
    "Tails",
    "Tails",
    "Heads"
  ],
  "PatternCounts": {
    "HeadsHeads": 11,
    "HeadsTails": 3,
    "TailsTails": 11,
    "TailsHeads": 3
  },
  "PatternProbabilities": {
    "HeadsHeads": 39.285714285714285,
    "HeadsTails": 10.714285714285714,
    "TailsTails": 39.285714285714285,
    "TailsHeads": 10.714285714285714
  },
  "StreakProbabilities": {
    "Heads": {
      "1": 50.0,
      "2": 3.8366741090455387,
      "3": 50.0,
      "4": 19.478927203065137,
      "5": 50.0,
      "6": 50.0,
      "7": 50.0,
      "8": 4.664809906512749,
      "9": 50.0,
      "10": 50.0
    },
    "Tails": {
      "1": 50.0,
      "2": 36.03448275862069,
      "3": 50.0,
      "4": 7.494074151225667,
      "5": 50.0,
      "6": 50.0,
      "7": 50.0,
      "8": 3.8503527832679865,
      "9": 50.0,
      "10": 50.0
    }
  },
  "BaseHeadsProbability": 51.724137931034484,
  "BaseTailsProbability": 48.275862068965516,
  "TotalFlips": 29
}