{
  "FlipHistory": [
    "Heads",
    "Heads",
    "Tails",
    "Tails",
    "Tails",
    "Tails",
    "Tails",
    "Tails",
    "Tails",
    "Tails",
    "Heads",
    "Heads",
    "Heads",
    "Heads",
    "Heads",
    "Heads",
    "Heads",
    "Heads",
    "Tails",
    "Tails",
    "Tails",
    "Tails"
  ],
  "PatternCounts": {
    "HeadsHeads": 8,
    "HeadsTails": 2,
    "TailsTails": 10,
    "TailsHeads": 1
  },
  "PatternProbabilities": {
    "HeadsHeads": 38.095238095238095,
    "HeadsTails": 9.523809523809524,
    "TailsTails": 47.61904761904761,
    "TailsHeads": 4.761904761904762
  },
  "StreakProbabilities": {
    "Heads": {
      "1": 50.0,
      "2": 5.589446547658957,
      "3": 50.0,
      "4": 50.0,
      "5": 50.0,
      "6": 50.0,
      "7": 50.0,
      "8": 15.645215311004781,
      "9": 50.0,
      "10": 50.0
    },
    "Tails": {
      "1": 50.0,
      "2": 50.0,
      "3": 50.0,
      "4": 50.0,
      "5": 50.0,
      "6": 50.0,
      "7": 50.0,
      "8": 5.755541994070956,
      "9": 50.0,
      "10": 50.0
    }
  },
  "BaseHeadsProbability": 45.45454545454545,
  "BaseTailsProbability": 54.54545454545454,
  "TotalFlips": 22
}