{
  "FlipHistory": [
    "Heads",
    "Heads",
    "Tails",
    "Tails",
    "Tails",
    "Tails",
    "Tails",
    "Tails",
    "Tails",
    "Tails",
    "Heads",
    "Heads",
    "Heads",
    "Heads",
    "Heads",
    "Heads",
    "Heads",
    "Heads",
    "Tails",
    "Tails",
    "Tails",
    "Tails",
    "Heads",
    "Heads",
    "Heads",
    "Heads",
    "Tails",
    "Tails",
    "Heads",
    "Heads",
    "Tails",
    "Tails",
    "Tails",
    "Tails",
    "Heads",
    "Heads",
    "Heads",
    "Tails",
    "Tails",
    "Tails",
    "Tails",
    "Heads",
    "Heads",
    "Tails"
  ],
  "PatternCounts": {
    "HeadsHeads": 15,
    "HeadsTails": 6,
    "TailsTails": 17,
    "TailsHeads": 5
  },
  "PatternProbabilities": {
    "HeadsHeads": 34.883720930232556,
    "HeadsTails": 13.953488372093023,
    "TailsTails": 39.53488372093023,
    "TailsHeads": 11.627906976744185
  },
  "StreakProbabilities": {
    "Heads": {
      "1": 50.0,
      "2": 5.482938073838586,
      "3": 6.291121289455833,
      "4": 2.4873210432555517,
      "5": 50.0,
      "6": 50.0,
      "7": 50.0,
      "8": 2.416990110174658,
      "9": 50.0,
      "10": 50.0
    },
    "Tails": {
      "1": 50.0,
      "2": 2.5659195615868295,
      "3": 50.0,
      "4": 6.273421351591677,
      "5": 50.0,
      "6": 50.0,
      "7": 50.0,
      "8": 2.4131234248848425,
      "9": 50.0,
      "10": 50.0
    }
  },
  "BaseHeadsProbability": 47.72727272727273,
  "BaseTailsProbability": 52.27272727272727,
  "TotalFlips": 44
}