{
  "FlipHistory": [
    "Heads",
    "Heads",
    "Tails",
    "Tails",
    "Tails",
    "Tails",
    "Tails",
    "Tails",
    "Tails",
    "Tails",
    "Heads",
    "Heads",
    "Heads",
    "Heads",
    "Heads",
    "Heads",
    "Heads",
    "Heads",
    "Tails",
    "Tails",
    "Tails",
    "Tails",
    "Heads",
    "Heads",
    "Heads",
    "Heads",
    "Tails",
    "Tails",
    "Heads",
    "Heads",
    "Tails"
  ],
  "PatternCounts": {
    "HeadsHeads": 12,
    "HeadsTails": 4,
    "TailsTails": 11,
    "TailsHeads": 3
  },
  "PatternProbabilities": {
    "HeadsHeads": 40.0,
    "HeadsTails": 13.333333333333334,
    "TailsTails": 36.666666666666664,
    "TailsHeads": 10.0
  },
  "StreakProbabilities": {
    "Heads": {
      "1": 50.0,
      "2": 4.515454184400055,
      "3": 50.0,
      "4": 11.212416264985785,
      "5": 50.0,
      "6": 50.0,
      "7": 50.0,
      "8": 3.953498789675118,
      "9": 50.0,
      "10": 50.0
    },
    "Tails": {
      "1": 50.0,
      "2": 19.324638487208006,
      "3": 50.0,
      "4": 5.3398382695844475,
      "5": 50.0,
      "6": 50.0,
      "7": 50.0,
      "8": 3.5544147992851842,
      "9": 50.0,
      "10": 50.0
    }
  },
  "BaseHeadsProbability": 51.61290322580645,
  "BaseTailsProbability": 48.38709677419355,
  "TotalFlips": 31
}