{
  "FlipHistory": [
    "Heads",
    "Heads",
    "Tails",
    "Tails",
    "Tails",
    "Tails",
    "Tails",
    "Tails",
    "Tails",
    "Tails",
    "Heads",
    "Heads",
    "Heads",
    "Heads",
    "Heads",
    "Heads",
    "Heads",
    "Heads",
    "Tails",
    "Tails",
    "Tails",
    "Tails",
    "Heads",
    "Heads",
    "Heads",
    "Heads",
    "Tails",
    "Tails",
    "Heads",
    "Heads",
    "Tails",
    "Tails",
    "Tails",
    "Tails",
    "Heads",
    "Heads",
    "Heads",
    "Tails",
    "Tails",
    "Tails",
    "Tails",
    "Heads",
    "Heads",
    "Tails",
    "Heads",
    "Tails",
    "Heads",
    "Heads"
  ],
  "PatternCounts": {
    "HeadsHeads": 16,
    "HeadsTails": 7,
    "TailsTails": 17,
    "TailsHeads": 7
  },
  "PatternProbabilities": {
    "HeadsHeads": 34.04255319148936,
    "HeadsTails": 14.893617021276595,
    "TailsTails": 36.17021276595745,
    "TailsHeads": 14.893617021276595
  },
  "StreakProbabilities": {
    "Heads": {
      "1": 18.5413737280296,
      "2": 6.17657461561745,
      "3": 3.130538616294614,
      "4": 2.2172461771819263,
      "5": 50.0,
      "6": 50.0,
      "7": 50.0,
      "8": 2.200359720149204,
      "9": 50.0,
      "10": 50.0
    },
    "Tails": {
      "1": 14.696848905334562,
      "2": 2.2361176814332664,
      "3": 50.0,
      "4": 6.366369650605967,
      "5": 50.0,
      "6": 50.0,
      "7": 50.0,
      "8": 2.199431329011119,
      "9": 50.0,
      "10": 50.0
    }
  },
  "BaseHeadsProbability": 50.0,
  "BaseTailsProbability": 50.0,
  "TotalFlips": 48
}