{
  "FlipHistory": [
    "Heads",
    "Heads",
    "Tails",
    "Tails",
    "Tails",
    "Tails",
    "Tails",
    "Tails",
    "Tails",
    "Tails",
    "Heads",
    "Heads",
    "Heads",
    "Heads",
    "Heads",
    "Heads",
    "Heads",
    "Heads",
    "Tails",
    "Tails",
    "Tails",
    "Tails",
    "Heads",
    "Heads",
    "Heads",
    "Heads",
    "Tails",
    "Tails",
    "Heads",
    "Heads",
    "Tails",
    "Tails",
    "Tails",
    "Tails",
    "Heads",
    "Heads",
    "Heads",
    "Tails",
    "Tails",
    "Tails",
    "Tails",
    "Heads",
    "Heads"
  ],
  "PatternCounts": {
    "HeadsHeads": 15,
    "HeadsTails": 5,
    "TailsTails": 17,
    "TailsHeads": 5
  },
  "PatternProbabilities": {
    "HeadsHeads": 35.714285714285715,
    "HeadsTails": 11.904761904761903,
    "TailsTails": 40.476190476190474,
    "TailsHeads": 11.904761904761903
  },
  "StreakProbabilities": {
    "Heads": {
      "1": 50.0,
      "2": 4.910690754834345,
      "3": 8.013290153768073,
      "4": 2.579289802053385,
      "5": 50.0,
      "6": 50.0,
      "7": 50.0,
      "8": 2.4788170405092522,
      "9": 50.0,
      "10": 50.0
    },
    "Tails": {
      "1": 50.0,
      "2": 2.691573399669497,
      "3": 50.0,
      "4": 6.039952580195903,
      "5": 50.0,
      "6": 50.0,
      "7": 50.0,
      "8": 2.473293204380944,
      "9": 50.0,
      "10": 50.0
    }
  },
  "BaseHeadsProbability": 48.837209302325576,
  "BaseTailsProbability": 51.162790697674424,
  "TotalFlips": 43
}