{
  "FlipHistory": [
    "Heads",
    "Heads",
    "Tails",
    "Tails",
    "Tails",
    "Tails",
    "Tails",
    "Tails",
    "Tails",
    "Tails",
    "Heads",
    "Heads",
    "Heads",
    "Heads",
    "Heads",
    "Heads",
    "Heads",
    "Heads",
    "Tails",
    "Tails",
    "Tails",
    "Tails",
    "Heads",
    "Heads",
    "Heads",
    "Heads",
    "Tails",
    "Tails"
  ],
  "PatternCounts": {
    "HeadsHeads": 11,
    "HeadsTails": 3,
    "TailsTails": 11,
    "TailsHeads": 2
  },
  "PatternProbabilities": {
    "HeadsHeads": 40.74074074074074,
    "HeadsTails": 11.11111111111111,
    "TailsTails": 40.74074074074074,
    "TailsHeads": 7.4074074074074066
  },
  "StreakProbabilities": {
    "Heads": {
      "1": 50.0,
      "2": 4.003130500606928,
      "3": 50.0,
      "4": 26.34920634920635,
      "5": 50.0,
      "6": 50.0,
      "7": 50.0,
      "8": 5.1861816398458,
      "9": 50.0,
      "10": 50.0
    },
    "Tails": {
      "1": 50.0,
      "2": 50.0,
      "3": 50.0,
      "4": 9.227987703721396,
      "5": 50.0,
      "6": 50.0,
      "7": 50.0,
      "8": 4.022671463781853,
      "9": 50.0,
      "10": 50.0
    }
  },
  "BaseHeadsProbability": 50.0,
  "BaseTailsProbability": 50.0,
  "TotalFlips": 28
}