{
  "FlipHistory": [
    "Heads",
    "Heads",
    "Tails",
    "Tails",
    "Tails",
    "Tails",
    "Tails",
    "Tails",
    "Tails",
    "Tails",
    "Heads",
    "Heads",
    "Heads",
    "Heads",
    "Heads",
    "Heads",
    "Heads",
    "Heads",
    "Tails",
    "Tails",
    "Tails",
    "Tails",
    "Heads",
    "Heads",
    "Heads",
    "Heads",
    "Tails",
    "Tails",
    "Heads",
    "Heads",
    "Tails",
    "Tails",
    "Tails",
    "Tails",
    "Heads",
    "Heads",
    "Heads",
    "Tails",
    "Tails",
    "Tails",
    "Tails",
    "Heads",
    "Heads",
    "Tails",
    "Heads"
  ],
  "PatternCounts": {
    "HeadsHeads": 15,
    "HeadsTails": 6,
    "TailsTails": 17,
    "TailsHeads": 6
  },
  "PatternProbabilities": {
    "HeadsHeads": 34.090909090909086,
    "HeadsTails": 13.636363636363635,
    "TailsTails": 38.63636363636363,
    "TailsHeads": 13.636363636363635
  },
  "StreakProbabilities": {
    "Heads": {
      "1": 50.0,
      "2": 5.83805665168701,
      "3": 5.0704515692857495,
      "4": 2.407791396945553,
      "5": 50.0,
      "6": 50.0,
      "7": 50.0,
      "8": 2.358559743788927,
      "9": 50.0,
      "10": 50.0
    },
    "Tails": {
      "1": 35.666666666666664,
      "2": 2.462810359777447,
      "3": 50.0,
      "4": 6.391394946114174,
      "5": 50.0,
      "6": 50.0,
      "7": 50.0,
      "8": 2.355853064086056,
      "9": 50.0,
      "10": 50.0
    }
  },
  "BaseHeadsProbability": 48.888888888888886,
  "BaseTailsProbability": 51.11111111111111,
  "TotalFlips": 45
}