{
  "FlipHistory": [
    "Heads",
    "Heads",
    "Tails",
    "Tails",
    "Tails",
    "Tails",
    "Tails",
    "Tails",
    "Tails",
    "Tails",
    "Heads",
    "Heads",
    "Heads",
    "Heads",
    "Heads",
    "Heads",
    "Heads",
    "Heads",
    "Tails",
    "Tails",
    "Tails",
    "Tails",
    "Heads",
    "Heads",
    "Heads",
    "Heads",
    "Tails"
  ],
  "PatternCounts": {
    "HeadsHeads": 11,
    "HeadsTails": 3,
    "TailsTails": 10,
    "TailsHeads": 2
  },
  "PatternProbabilities": {
    "HeadsHeads": 42.30769230769231,
    "HeadsTails": 11.538461538461538,
    "TailsTails": 38.46153846153847,
    "TailsHeads": 7.6923076923076925
  },
  "StreakProbabilities": {
    "Heads": {
      "1": 50.0,
      "2": 4.188145613111938,
      "3": 50.0,
      "4": 36.111111111111114,
      "5": 50.0,
      "6": 50.0,
      "7": 50.0,
      "8": 5.878218669167469,
      "9": 50.0,
      "10": 50.0
    },
    "Tails": {
      "1": 50.0,
      "2": 50.0,
      "3": 50.0,
      "4": 11.652227331846893,
      "5": 50.0,
      "6": 50.0,
      "7": 50.0,
      "8": 4.216061274790402,
      "9": 50.0,
      "10": 50.0
    }
  },
  "BaseHeadsProbability": 51.85185185185185,
  "BaseTailsProbability": 48.148148148148145,
  "TotalFlips": 27
}