{
  "FlipHistory": [
    "Heads",
    "Heads",
    "Tails",
    "Tails",
    "Tails",
    "Tails",
    "Tails",
    "Tails",
    "Tails",
    "Tails",
    "Heads",
    "Heads",
    "Heads",
    "Heads",
    "Heads",
    "Heads",
    "Heads",
    "Heads",
    "Tails",
    "Tails",
    "Tails",
    "Tails",
    "Heads",
    "Heads",
    "Heads",
    "Heads",
    "Tails",
    "Tails",
    "Heads",
    "Heads",
    "Tails",
    "Tails",
    "Tails"
  ],
  "PatternCounts": {
    "HeadsHeads": 12,
    "HeadsTails": 4,
    "TailsTails": 13,
    "TailsHeads": 3
  },
  "PatternProbabilities": {
    "HeadsHeads": 37.5,
    "HeadsTails": 12.5,
    "TailsTails": 40.625,
    "TailsHeads": 9.375
  },
  "StreakProbabilities": {
    "Heads": {
      "1": 50.0,
      "2": 5.343254368537845,
      "3": 50.0,
      "4": 7.059424878933943,
      "5": 50.0,
      "6": 50.0,
      "7": 50.0,
      "8": 3.5025553160317164,
      "9": 50.0,
      "10": 50.0
    },
    "Tails": {
      "1": 50.0,
      "2": 11.03441376782283,
      "3": 50.0,
      "4": 4.1818616611872885,
      "5": 50.0,
      "6": 50.0,
      "7": 50.0,
      "8": 3.3070041607406493,
      "9": 50.0,
      "10": 50.0
    }
  },
  "BaseHeadsProbability": 48.484848484848484,
  "BaseTailsProbability": 51.515151515151516,
  "TotalFlips": 33
}