{
  "FlipHistory": [
    "Heads",
    "Heads",
    "Tails",
    "Tails",
    "Tails",
    "Tails",
    "Tails",
    "Tails",
    "Tails",
    "Tails",
    "Heads",
    "Heads",
    "Heads"
  ],
  "PatternCounts": {
    "HeadsHeads": 3,
    "HeadsTails": 1,
    "TailsTails": 7,
    "TailsHeads": 1
  },
  "PatternProbabilities": {
    "HeadsHeads": 25.0,
    "HeadsTails": 8.333333333333332,
    "TailsTails": 58.333333333333336,
    "TailsHeads": 8.333333333333332
  },
  "StreakProbabilities": {
    "Heads": {
      "1": 50.0,
      "2": 18.42805594405594,
      "3": 50.0,
      "4": 50.0,
      "5": 50.0,
      "6": 50.0,
      "7": 50.0,
      "8": 50.0,
      "9": 50.0,
      "10": 50.0
    },
    "Tails": {
      "1": 50.0,
      "2": 50.0,
      "3": 50.0,
      "4": 50.0,
      "5": 50.0,
      "6": 50.0,
      "7": 50.0,
      "8": 22.54405594405594,
      "9": 50.0,
      "10": 50.0
    }
  },
  "BaseHeadsProbability": 38.46153846153847,
  "BaseTailsProbability": 61.53846153846154,
  "TotalFlips": 13
}