{
  "FlipHistory": [
    "Heads",
    "Heads",
    "Tails",
    "Tails",
    "Tails",
    "Tails",
    "Tails",
    "Tails",
    "Tails",
    "Tails",
    "Heads",
    "Heads",
    "Heads",
    "Heads",
    "Heads",
    "Heads",
    "Heads",
    "Heads",
    "Tails",
    "Tails",
    "Tails",
    "Tails",
    "Heads",
    "Heads",
    "Heads",
    "Heads",
    "Tails",
    "Tails",
    "Heads",
    "Heads",
    "Tails",
    "Tails",
    "Tails",
    "Tails",
    "Heads",
    "Heads",
    "Heads",
    "Tails",
    "Tails",
    "Tails",
    "Tails",
    "Heads",
    "Heads",
    "Tails",
    "Heads",
    "Tails",
    "Heads",
    "Heads",
    "Tails",
    "Tails",
    "Tails",
    "Tails",
    "Tails"
  ],
  "PatternCounts": {
    "HeadsHeads": 16,
    "HeadsTails": 8,
    "TailsTails": 21,
    "TailsHeads": 7
  },
  "PatternProbabilities": {
    "HeadsHeads": 30.76923076923077,
    "HeadsTails": 15.384615384615385,
    "TailsTails": 40.38461538461539,
    "TailsHeads": 13.461538461538462
  },
  "StreakProbabilities": {
    "Heads": {
      "1": 4.727167866282791,
      "2": 7.481773630898253,
      "3": 2.1370688090534933,
      "4": 1.9835717488118236,
      "5": 50.0,
      "6": 50.0,
      "7": 50.0,
      "8": 1.980733641978334,
      "9": 50.0,
      "10": 50.0
    },
    "Tails": {
      "1": 5.691937763145293,
      "2": 1.9867434825313466,
      "3": 50.0,
      "4": 5.902753298615917,
      "5": 50.0,
      "6": 50.0,
      "7": 50.0,
      "8": 1.9805776072797556,
      "9": 50.0,
      "10": 50.0
    }
  },
  "BaseHeadsProbability": 45.28301886792453,
  "BaseTailsProbability": 54.71698113207547,
  "TotalFlips": 53
}