{
  "FlipHistory": [
    "Heads",
    "Heads",
    "Tails",
    "Tails",
    "Tails",
    "Tails",
    "Tails",
    "Tails",
    "Tails",
    "Tails",
    "Heads",
    "Heads",
    "Heads",
    "Heads",
    "Heads",
    "Heads",
    "Heads",
    "Heads",
    "Tails",
    "Tails",
    "Tails",
    "Tails",
    "Heads",
    "Heads",
    "Heads",
    "Heads",
    "Tails",
    "Tails",
    "Heads",
    "Heads",
    "Tails",
    "Tails",
    "Tails",
    "Tails",
    "Heads",
    "Heads",
    "Heads",
    "Tails"
  ],
  "PatternCounts": {
    "HeadsHeads": 14,
    "HeadsTails": 5,
    "TailsTails": 14,
    "TailsHeads": 4
  },
  "PatternProbabilities": {
    "HeadsHeads": 37.83783783783784,
    "HeadsTails": 13.513513513513514,
    "TailsTails": 37.83783783783784,
    "TailsHeads": 10.81081081081081
  },
  "StreakProbabilities": {
    "Heads": {
      "1": 50.0,
      "2": 5.44049581429595,
      "3": 35.78947368421053,
      "4": 3.4577050656903245,
      "5": 50.0,
      "6": 50.0,
      "7": 50.0,
      "8": 2.8599019982533482,
      "9": 50.0,
      "10": 50.0
    },
    "Tails": {
      "1": 50.0,
      "2": 4.12578144824588,
      "3": 50.0,
      "4": 5.033447600795071,
      "5": 50.0,
      "6": 50.0,
      "7": 50.0,
      "8": 2.827035715583578,
      "9": 50.0,
      "10": 50.0
    }
  },
  "BaseHeadsProbability": 50.0,
  "BaseTailsProbability": 50.0,
  "TotalFlips": 38
}