{
  "FlipHistory": [
    "Heads",
    "Heads",
    "Tails",
    "Tails",
    "Tails",
    "Tails",
    "Tails",
    "Tails",
    "Tails",
    "Tails",
    "Heads",
    "Heads",
    "Heads",
    "Heads",
    "Heads",
    "Heads",
    "Heads",
    "Heads",
    "Tails",
    "Tails",
    "Tails",
    "Tails",
    "Heads",
    "Heads",
    "Heads",
    "Heads",
    "Tails",
    "Tails",
    "Heads",
    "Heads"
  ],
  "PatternCounts": {
    "HeadsHeads": 12,
    "HeadsTails": 3,
    "TailsTails": 11,
    "TailsHeads": 3
  },
  "PatternProbabilities": {
    "HeadsHeads": 41.37931034482759,
    "HeadsTails": 10.344827586206897,
    "TailsTails": 37.93103448275862,
    "TailsHeads": 10.344827586206897
  },
  "StreakProbabilities": {
    "Heads": {
      "1": 50.0,
      "2": 3.685671876331877,
      "3": 50.0,
      "4": 14.635249042145595,
      "5": 50.0,
      "6": 50.0,
      "7": 50.0,
      "8": 4.265366934558925,
      "9": 50.0,
      "10": 50.0
    },
    "Tails": {
      "1": 50.0,
      "2": 26.22413793103448,
      "3": 50.0,
      "4": 6.2458519058579665,
      "5": 50.0,
      "6": 50.0,
      "7": 50.0,
      "8": 3.6952469482875903,
      "9": 50.0,
      "10": 50.0
    }
  },
  "BaseHeadsProbability": 53.333333333333336,
  "BaseTailsProbability": 46.666666666666664,
  "TotalFlips": 30
}