{
  "FlipHistory": [
    "Heads",
    "Heads",
    "Tails",
    "Tails",
    "Tails",
    "Tails",
    "Tails",
    "Tails",
    "Tails",
    "Tails",
    "Heads",
    "Heads",
    "Heads",
    "Heads",
    "Heads",
    "Heads",
    "Heads",
    "Heads",
    "Tails",
    "Tails",
    "Tails",
    "Tails",
    "Heads",
    "Heads",
    "Heads",
    "Heads",
    "Tails",
    "Tails",
    "Heads",
    "Heads",
    "Tails",
    "Tails",
    "Tails",
    "Tails",
    "Heads",
    "Heads",
    "Heads",
    "Tails",
    "Tails",
    "Tails",
    "Tails",
    "Heads",
    "Heads",
    "Tails",
    "Heads",
    "Tails",
    "Heads",
    "Heads",
    "Tails",
    "Tails",
    "Tails"
  ],
  "PatternCounts": {
    "HeadsHeads": 16,
    "HeadsTails": 8,
    "TailsTails": 19,
    "TailsHeads": 7
  },
  "PatternProbabilities": {
    "HeadsHeads": 32.0,
    "HeadsTails": 16.0,
    "TailsTails": 38.0,
    "TailsHeads": 14.000000000000002
  },
  "StreakProbabilities": {
    "Heads": {
      "1": 7.667926482831798,
      "2": 7.3515062696273725,
      "3": 2.3820100395066994,
      "4": 2.0687507328910475,
      "5": 50.0,
      "6": 50.0,
      "7": 50.0,
      "8": 2.0629586781288234,
      "9": 50.0,
      "10": 50.0
    },
    "Tails": {
      "1": 7.657489762765048,
      "2": 2.075223658849257,
      "3": 50.0,
      "4": 6.108370672510787,
      "5": 50.0,
      "6": 50.0,
      "7": 50.0,
      "8": 2.0626402399684602,
      "9": 50.0,
      "10": 50.0
    }
  },
  "BaseHeadsProbability": 47.05882352941176,
  "BaseTailsProbability": 52.94117647058824,
  "TotalFlips": 51
}