{
  "FlipHistory": [
    "Heads",
    "Heads",
    "Tails",
    "Tails",
    "Tails",
    "Tails",
    "Tails",
    "Tails",
    "Tails",
    "Tails",
    "Heads",
    "Heads",
    "Heads",
    "Heads",
    "Heads",
    "Heads",
    "Heads",
    "Heads",
    "Tails",
    "Tails",
    "Tails",
    "Tails",
    "Heads",
    "Heads",
    "Heads",
    "Heads",
    "Tails",
    "Tails",
    "Heads",
    "Heads",
    "Tails",
    "Tails",
    "Tails",
    "Tails",
    "Heads"
  ],
  "PatternCounts": {
    "HeadsHeads": 12,
    "HeadsTails": 4,
    "TailsTails": 14,
    "TailsHeads": 4
  },
  "PatternProbabilities": {
    "HeadsHeads": 35.294117647058826,
    "HeadsTails": 11.76470588235294,
    "TailsTails": 41.17647058823529,
    "TailsHeads": 11.76470588235294
  },
  "StreakProbabilities": {
    "Heads": {
      "1": 50.0,
      "2": 5.567774472516317,
      "3": 50.0,
      "4": 4.933908106644018,
      "5": 50.0,
      "6": 50.0,
      "7": 50.0,
      "8": 3.1910420208219272,
      "9": 50.0,
      "10": 50.0
    },
    "Tails": {
      "1": 50.0,
      "2": 6.881652662199572,
      "3": 50.0,
      "4": 4.381044987091014,
      "5": 50.0,
      "6": 50.0,
      "7": 50.0,
      "8": 3.0952219547293045,
      "9": 50.0,
      "10": 50.0
    }
  },
  "BaseHeadsProbability": 48.57142857142857,
  "BaseTailsProbability": 51.42857142857142,
  "TotalFlips": 35
}