{
  "FlipHistory": [
    "Heads",
    "Heads",
    "Tails",
    "Tails",
    "Tails",
    "Tails",
    "Tails",
    "Tails",
    "Tails",
    "Tails",
    "Heads",
    "Heads",
    "Heads",
    "Heads",
    "Heads",
    "Heads",
    "Heads",
    "Heads",
    "Tails",
    "Tails",
    "Tails",
    "Tails",
    "Heads",
    "Heads",
    "Heads",
    "Heads",
    "Tails",
    "Tails",
    "Heads",
    "Heads",
    "Tails",
    "Tails",
    "Tails",
    "Tails",
    "Heads",
    "Heads",
    "Heads",
    "Tails",
    "Tails",
    "Tails",
    "Tails",
    "Heads",
    "Heads",
    "Tails",
    "Heads",
    "Tails",
    "Heads",
    "Heads",
    "Tails",
    "Tails",
    "Tails",
    "Tails",
    "Tails",
    "Heads",
    "Heads"
  ],
  "PatternCounts": {
    "HeadsHeads": 17,
    "HeadsTails": 8,
    "TailsTails": 21,
    "TailsHeads": 8
  },
  "PatternProbabilities": {
    "HeadsHeads": 31.48148148148148,
    "HeadsTails": 14.814814814814813,
    "TailsTails": 38.88888888888889,
    "TailsHeads": 14.814814814814813
  },
  "StreakProbabilities": {
    "Heads": {
      "1": 3.2506556888220017,
      "2": 7.40344281651388,
      "3": 1.9815071507796458,
      "4": 1.9062935912612275,
      "5": 50.0,
      "6": 50.0,
      "7": 50.0,
      "8": 1.904902918912818,
      "9": 50.0,
      "10": 50.0
    },
    "Tails": {
      "1": 4.657736372628062,
      "2": 1.907847740783794,
      "3": 50.0,
      "4": 5.695379419352101,
      "5": 25.434343434343436,
      "6": 50.0,
      "7": 50.0,
      "8": 1.9048264619105144,
      "9": 50.0,
      "10": 50.0
    }
  },
  "BaseHeadsProbability": 47.27272727272727,
  "BaseTailsProbability": 52.72727272727272,
  "TotalFlips": 55
}