{
  "FlipHistory": [
    "Heads",
    "Heads",
    "Tails",
    "Tails",
    "Tails",
    "Tails",
    "Tails",
    "Tails",
    "Tails",
    "Tails",
    "Heads",
    "Heads",
    "Heads",
    "Heads",
    "Heads",
    "Heads",
    "Heads",
    "Heads",
    "Tails",
    "Tails",
    "Tails",
    "Tails",
    "Heads",
    "Heads",
    "Heads",
    "Heads",
    "Tails",
    "Tails",
    "Heads",
    "Heads",
    "Tails",
    "Tails",
    "Tails",
    "Tails",
    "Heads",
    "Heads",
    "Heads",
    "Tails",
    "Tails",
    "Tails",
    "Tails",
    "Heads",
    "Heads",
    "Tails",
    "Heads",
    "Tails",
    "Heads",
    "Heads",
    "Tails",
    "Tails"
  ],
  "PatternCounts": {
    "HeadsHeads": 16,
    "HeadsTails": 8,
    "TailsTails": 18,
    "TailsHeads": 7
  },
  "PatternProbabilities": {
    "HeadsHeads": 32.6530612244898,
    "HeadsTails": 16.3265306122449,
    "TailsTails": 36.734693877551024,
    "TailsHeads": 14.285714285714285
  },
  "StreakProbabilities": {
    "Heads": {
      "1": 10.113844555305931,
      "2": 7.140807275938265,
      "3": 2.5625353505557893,
      "4": 2.1150220553905723,
      "5": 50.0,
      "6": 50.0,
      "7": 50.0,
      "8": 2.106747691444538,
      "9": 50.0,
      "10": 50.0
    },
    "Tails": {
      "1": 9.258598820756792,
      "2": 2.124269092473729,
      "3": 50.0,
      "4": 6.205235414511209,
      "5": 50.0,
      "6": 50.0,
      "7": 50.0,
      "8": 2.1062927797868767,
      "9": 50.0,
      "10": 50.0
    }
  },
  "BaseHeadsProbability": 48.0,
  "BaseTailsProbability": 52.0,
  "TotalFlips": 50
}