{
  "FlipHistory": [
    "Heads",
    "Heads",
    "Tails",
    "Tails",
    "Tails",
    "Tails",
    "Tails",
    "Tails",
    "Tails",
    "Tails",
    "Heads",
    "Heads",
    "Heads",
    "Heads",
    "Heads",
    "Heads",
    "Heads",
    "Heads",
    "Tails",
    "Tails"
  ],
  "PatternCounts": {
    "HeadsHeads": 8,
    "HeadsTails": 2,
    "TailsTails": 8,
    "TailsHeads": 1
  },
  "PatternProbabilities": {
    "HeadsHeads": 42.10526315789473,
    "HeadsTails": 10.526315789473683,
    "TailsTails": 42.10526315789473,
    "TailsHeads": 5.263157894736842
  },
  "StreakProbabilities": {
    "Heads": {
      "1": 50.0,
      "2": 6.583286089842027,
      "3": 50.0,
      "4": 50.0,
      "5": 50.0,
      "6": 50.0,
      "7": 50.0,
      "8": 27.105263157894736,
      "9": 50.0,
      "10": 50.0
    },
    "Tails": {
      "1": 50.0,
      "2": 50.0,
      "3": 50.0,
      "4": 50.0,
      "5": 50.0,
      "6": 50.0,
      "7": 50.0,
      "8": 6.922256388642026,
      "9": 50.0,
      "10": 50.0
    }
  },
  "BaseHeadsProbability": 50.0,
  "BaseTailsProbability": 50.0,
  "TotalFlips": 20
}