{
  "FlipHistory": [
    "Heads",
    "Heads",
    "Tails",
    "Tails",
    "Tails",
    "Tails",
    "Tails",
    "Tails",
    "Tails",
    "Tails",
    "Heads",
    "Heads",
    "Heads",
    "Heads",
    "Heads",
    "Heads",
    "Heads",
    "Heads",
    "Tails",
    "Tails",
    "Tails",
    "Tails",
    "Heads",
    "Heads",
    "Heads"
  ],
  "PatternCounts": {
    "HeadsHeads": 10,
    "HeadsTails": 2,
    "TailsTails": 10,
    "TailsHeads": 2
  },
  "PatternProbabilities": {
    "HeadsHeads": 41.66666666666667,
    "HeadsTails": 8.333333333333332,
    "TailsTails": 41.66666666666667,
    "TailsHeads": 8.333333333333332
  },
  "StreakProbabilities": {
    "Heads": {
      "1": 50.0,
      "2": 4.6313106006296305,
      "3": 50.0,
      "4": 50.0,
      "5": 50.0,
      "6": 50.0,
      "7": 50.0,
      "8": 8.080439286457247,
      "9": 50.0,
      "10": 50.0
    },
    "Tails": {
      "1": 50.0,
      "2": 50.0,
      "3": 50.0,
      "4": 19.864130434782606,
      "5": 50.0,
      "6": 50.0,
      "7": 50.0,
      "8": 4.688281338748946,
      "9": 50.0,
      "10": 50.0
    }
  },
  "BaseHeadsProbability": 52.0,
  "BaseTailsProbability": 48.0,
  "TotalFlips": 25
}