{
  "FlipHistory": [
    "Heads",
    "Heads",
    "Tails",
    "Tails",
    "Tails",
    "Tails",
    "Tails",
    "Tails",
    "Tails",
    "Tails",
    "Heads",
    "Heads",
    "Heads",
    "Heads",
    "Heads",
    "Heads",
    "Heads",
    "Heads",
    "Tails"
  ],
  "PatternCounts": {
    "HeadsHeads": 8,
    "HeadsTails": 2,
    "TailsTails": 7,
    "TailsHeads": 1
  },
  "PatternProbabilities": {
    "HeadsHeads": 44.44444444444444,
    "HeadsTails": 11.11111111111111,
    "TailsTails": 38.88888888888889,
    "TailsHeads": 5.555555555555555
  },
  "StreakProbabilities": {
    "Heads": {
      "1": 50.0,
      "2": 7.2618372712028965,
      "3": 50.0,
      "4": 50.0,
      "5": 50.0,
      "6": 50.0,
      "7": 50.0,
      "8": 36.578947368421055,
      "9": 50.0,
      "10": 50.0
    },
    "Tails": {
      "1": 50.0,
      "2": 50.0,
      "3": 50.0,
      "4": 50.0,
      "5": 50.0,
      "6": 50.0,
      "7": 50.0,
      "8": 7.746080555202895,
      "9": 50.0,
      "10": 50.0
    }
  },
  "BaseHeadsProbability": 52.63157894736842,
  "BaseTailsProbability": 47.368421052631575,
  "TotalFlips": 19
}