{
  "FlipHistory": [
    "Heads",
    "Heads",
    "Tails",
    "Tails",
    "Tails",
    "Tails",
    "Tails",
    "Tails",
    "Tails",
    "Tails",
    "Heads",
    "Heads",
    "Heads",
    "Heads",
    "Heads",
    "Heads",
    "Heads",
    "Heads",
    "Tails",
    "Tails",
    "Tails",
    "Tails",
    "Heads",
    "Heads",
    "Heads",
    "Heads",
    "Tails",
    "Tails",
    "Heads",
    "Heads",
    "Tails",
    "Tails",
    "Tails",
    "Tails",
    "Heads",
    "Heads",
    "Heads",
    "Tails",
    "Tails",
    "Tails",
    "Tails",
    "Heads",
    "Heads",
    "Tails",
    "Heads",
    "Tails",
    "Heads",
    "Heads",
    "Tails",
    "Tails",
    "Tails",
    "Tails",
    "Tails",
    "Heads"
  ],
  "PatternCounts": {
    "HeadsHeads": 16,
    "HeadsTails": 8,
    "TailsTails": 21,
    "TailsHeads": 8
  },
  "PatternProbabilities": {
    "HeadsHeads": 30.18867924528302,
    "HeadsTails": 15.09433962264151,
    "TailsTails": 39.62264150943396,
    "TailsHeads": 15.09433962264151
  },
  "StreakProbabilities": {
    "Heads": {
      "1": 3.864573061953509,
      "2": 7.459463763850998,
      "3": 2.051503721893001,
      "4": 1.9440557797238318,
      "5": 50.0,
      "6": 50.0,
      "7": 50.0,
      "8": 1.9420691049403893,
      "9": 50.0,
      "10": 50.0
    },
    "Tails": {
      "1": 5.0954675453128155,
      "2": 1.946275993327498,
      "3": 50.0,
      "4": 5.798593975697807,
      "5": 35.55555555555556,
      "6": 50.0,
      "7": 50.0,
      "8": 1.9419598806513845,
      "9": 50.0,
      "10": 50.0
    }
  },
  "BaseHeadsProbability": 46.2962962962963,
  "BaseTailsProbability": 53.70370370370371,
  "TotalFlips": 54
}