{
  "FlipHistory": [
    "Heads",
    "Heads",
    "Tails",
    "Tails",
    "Tails",
    "Tails",
    "Tails",
    "Tails",
    "Tails",
    "Tails",
    "Heads",
    "Heads",
    "Heads",
    "Heads",
    "Heads",
    "Heads",
    "Heads",
    "Heads",
    "Tails",
    "Tails",
    "Tails",
    "Tails",
    "Heads",
    "Heads",
    "Heads",
    "Heads",
    "Tails",
    "Tails",
    "Heads",
    "Heads",
    "Tails",
    "Tails",
    "Tails",
    "Tails",
    "Heads",
    "Heads",
    "Heads",
    "Tails",
    "Tails",
    "Tails",
    "Tails",
    "Heads",
    "Heads",
    "Tails",
    "Heads",
    "Tails",
    "Heads",
    "Heads",
    "Tails",
    "Tails",
    "Tails",
    "Tails"
  ],
  "PatternCounts": {
    "HeadsHeads": 16,
    "HeadsTails": 8,
    "TailsTails": 20,
    "TailsHeads": 7
  },
  "PatternProbabilities": {
    "HeadsHeads": 31.372549019607842,
    "HeadsTails": 15.686274509803921,
    "TailsTails": 39.21568627450981,
    "TailsHeads": 13.725490196078432
  },
  "StreakProbabilities": {
    "Heads": {
      "1": 5.944471614905335,
      "2": 7.453746696431468,
      "3": 2.2443301045777666,
      "4": 2.02504858994681,
      "5": 50.0,
      "6": 50.0,
      "7": 50.0,
      "8": 2.0209941516132535,
      "9": 50.0,
      "10": 50.0
    },
    "Tails": {
      "1": 6.514088987781687,
      "2": 2.029579638117557,
      "3": 50.0,
      "4": 6.006628701526782,
      "5": 50.0,
      "6": 50.0,
      "7": 50.0,
      "8": 2.020771244900999,
      "9": 50.0,
      "10": 50.0
    }
  },
  "BaseHeadsProbability": 46.15384615384615,
  "BaseTailsProbability": 53.84615384615385,
  "TotalFlips": 52
}