{
  "FlipHistory": [
    "Heads",
    "Heads",
    "Tails",
    "Tails",
    "Tails",
    "Tails",
    "Tails",
    "Tails",
    "Tails",
    "Tails",
    "Heads",
    "Heads",
    "Heads",
    "Heads",
    "Heads",
    "Heads",
    "Heads",
    "Heads",
    "Tails",
    "Tails",
    "Tails",
    "Tails",
    "Heads",
    "Heads",
    "Heads",
    "Heads",
    "Tails",
    "Tails",
    "Heads",
    "Heads",
    "Tails",
    "Tails",
    "Tails",
    "Tails",
    "Heads",
    "Heads",
    "Heads",
    "Tails",
    "Tails",
    "Tails",
    "Tails",
    "Heads",
    "Heads",
    "Tails",
    "Heads",
    "Tails",
    "Heads"
  ],
  "PatternCounts": {
    "HeadsHeads": 15,
    "HeadsTails": 7,
    "TailsTails": 17,
    "TailsHeads": 7
  },
  "PatternProbabilities": {
    "HeadsHeads": 32.608695652173914,
    "HeadsTails": 15.217391304347828,
    "TailsTails": 36.95652173913043,
    "TailsHeads": 15.217391304347828
  },
  "StreakProbabilities": {
    "Heads": {
      "1": 25.59481961147086,
      "2": 6.145106593739214,
      "3": 3.5793408804208773,
      "4": 2.274637395974181,
      "5": 50.0,
      "6": 50.0,
      "7": 50.0,
      "8": 2.2505138859274343,
      "9": 50.0,
      "10": 50.0
    },
    "Tails": {
      "1": 19.209784150477947,
      "2": 2.3015966877618093,
      "3": 50.0,
      "4": 6.416242358008525,
      "5": 50.0,
      "6": 50.0,
      "7": 50.0,
      "8": 2.2491876128730275,
      "9": 50.0,
      "10": 50.0
    }
  },
  "BaseHeadsProbability": 48.93617021276596,
  "BaseTailsProbability": 51.06382978723404,
  "TotalFlips": 47
}