{
  "FlipHistory": [
    "Heads",
    "Heads",
    "Tails",
    "Tails",
    "Tails",
    "Tails",
    "Tails",
    "Tails",
    "Tails",
    "Tails",
    "Heads",
    "Heads",
    "Heads",
    "Heads",
    "Heads",
    "Heads",
    "Heads",
    "Heads",
    "Tails",
    "Tails",
    "Tails",
    "Tails",
    "Heads",
    "Heads",
    "Heads",
    "Heads",
    "Tails",
    "Tails",
    "Heads",
    "Heads",
    "Tails",
    "Tails",
    "Tails",
    "Tails",
    "Heads",
    "Heads",
    "Heads",
    "Tails",
    "Tails",
    "Tails",
    "Tails",
    "Heads",
    "Heads",
    "Tails",
    "Heads",
    "Tails",
    "Heads",
    "Heads",
    "Tails",
    "Tails",
    "Tails",
    "Tails",
    "Tails",
    "Heads",
    "Heads",
    "Heads"
  ],
  "PatternCounts": {
    "HeadsHeads": 18,
    "HeadsTails": 8,
    "TailsTails": 21,
    "TailsHeads": 8
  },
  "PatternProbabilities": {
    "HeadsHeads": 32.72727272727273,
    "HeadsTails": 14.545454545454545,
    "TailsTails": 38.18181818181819,
    "TailsHeads": 14.545454545454545
  },
  "StreakProbabilities": {
    "Heads": {
      "1": 2.8111732678896866,
      "2": 7.325267114416858,
      "3": 1.9227692912600376,
      "4": 1.8701197995971448,
      "5": 50.0,
      "6": 50.0,
      "7": 50.0,
      "8": 1.8691463289532582,
      "9": 50.0,
      "10": 50.0
    },
    "Tails": {
      "1": 4.331844032268214,
      "2": 1.8712077042629414,
      "3": 50.0,
      "4": 5.5939084506893275,
      "5": 18.339754689754688,
      "6": 50.0,
      "7": 50.0,
      "8": 1.8690928090516459,
      "9": 50.0,
      "10": 50.0
    }
  },
  "BaseHeadsProbability": 48.214285714285715,
  "BaseTailsProbability": 51.78571428571429,
  "TotalFlips": 56
}